ANO;MES;DESPESAS;ARRECADACAO;SUBSIDIO;MULTAS;EMPRESTIMO;TRANSFERENCIA;BALANCO;IN_IPCA;C_REAL;C_DESPESAS;C_ARRECADACAO;C_SUBSIDIO;C_MULTAS;C_EMPRESTIMO;C_TRANSFERENCIA;PAX;IN_PAX;TARIFA;C_TARIFA;IN_C_TARIFA;SMSP;C_SMSP;IN_C_SMSP
2003;JAN;141337224,73;141032026,56;;;;305198,17;0,00;2085,68;1,00;-141337224,73;141032026,56;0,00;0,00;0,00;305198,17;101595996,00;1,000;1,70;1,70;1,000;200,00;200,00;1,000
2003;FEV;134411049,30;135648033,54;;;;-1236984,24;0,00;2118,43;0,98;-132333113,35;133550974,35;0,00;0,00;0,00;-1217861,01;91636778,00;0,902;1,70;1,67;0,985;200,00;196,91;0,985
2003;MAR;150727885,46;143551305,06;;;;7176580,40;0,00;2144,49;0,97;-146594358,63;139614587,12;0,00;0,00;0,00;6979771,51;98040720,00;0,965;1,70;1,65;0,973;200,00;194,52;0,973
2003;ABR;139039070,24;145619356,17;;;;-6580285,93;0,00;2165,29;0,96;-133927098,92;140265451,18;0,00;0,00;0,00;-6338352,26;87638279,00;0,863;1,70;1,64;0,963;240,00;231,18;1,156
2003;MAI;154425160,28;140402052,57;;;;14023107,71;0,00;2178,50;0,96;-147845521,36;134419900,39;0,00;0,00;0,00;13425620,97;103551426,00;1,019;1,70;1,63;0,957;240,00;229,77;1,149
2003;JUN;135441032,42;138040040,13;;;;-2599007,71;0,00;2175,23;0,96;-129865187,82;132357199,42;0,00;0,00;0,00;-2492011,60;101500219,00;0,999;1,70;1,63;0,959;240,00;230,12;1,151
2003;JUL;148372279,84;146537128,85;;;;1835150,99;0,00;2179,58;0,96;-141980150,59;140224061,01;0,00;0,00;0,00;1756089,58;101990196,00;1,004;1,70;1,63;0,957;240,00;229,66;1,148
2003;AGO;176176720,06;149724577,27;;;;26452142,79;0,00;2186,99;0,95;-168015519,73;142788744,49;0,00;0,00;0,00;25226775,24;104944335,00;1,033;1,70;1,62;0,954;240,00;228,88;1,144
2003;SET;168011964,58;146876247,91;;;;21135716,67;0,00;2204,05;0,95;-158988768,08;138988159,41;0,00;0,00;0,00;20000608,67;102078586,00;1,005;1,70;1,61;0,946;240,00;227,11;1,136
2003;OUT;170970963,86;153323887,85;;;;17647076,01;0,00;2210,44;0,94;-161321148,69;144670095,73;0,00;0,00;0,00;16651052,95;109501786,00;1,078;1,70;1,60;0,944;240,00;226,45;1,132
2003;NOV;151377322,87;136926775,37;;;;14450547,50;0,00;2217,96;0,94;-142349120,26;128760409,05;0,00;0,00;0,00;13588711,21;99302246,00;0,977;1,70;1,60;0,940;240,00;225,69;1,128
2003;DEZ;164661280,49;141763830,23;;;;22897450,26;0,00;2229,49;0,94;-154040044,81;132619561,17;0,00;0,00;0,00;21420483,63;99764466,00;0,982;1,70;1,59;0,935;240,00;224,52;1,123
2004;JAN;148847042,17;122368892,83;17000000,00;;;9478149,34;0,00;2246,43;0,93;-138195848,04;113612421,66;15783514,29;0,00;0,00;8799912,09;88320866,00;0,869;1,70;1,58;0,928;240,00;222,83;1,114
2004;FEV;135596661,44;132867522,61;17000000,00;;;-14270861,17;0,00;2260,13;0,92;-125130521,18;122612033,18;15687840,96;0,00;0,00;-13169352,97;85444828,00;0,841;1,70;1,57;0,923;240,00;221,48;1,107
2004;MAR;172945771,01;155220559,38;17000000,00;;;725211,63;0,00;2270,75;0,92;-158850395,54;142569818,91;15614470,99;0,00;0,00;666105,64;104691886,00;1,030;1,70;1,56;0,918;240,00;220,44;1,102
2004;ABR;156886297,93;134914660,76;17000000,00;;;4971637,17;0,00;2279,15;0,92;-143568704,94;123462172,15;15556922,54;0,00;0,00;4549610,26;109873658,00;1,081;1,70;1,56;0,915;240,00;219,63;1,098
2004;MAI;156551981,24;137110398,66;22391200,00;;;-2949617,42;0,00;2290,77;0,91;-142536062,65;124835062,57;20386541,65;0,00;0,00;-2685541,57;123657996,00;1,217;1,70;1,55;0,910;260,00;236,72;1,184
2004;JUN;177626112,06;151592660,60;22391200,00;;;3642251,46;0,00;2307,03;0,90;-160583620,24;137047970,92;20242856,84;0,00;0,00;3292792,48;139694329,00;1,375;1,70;1,54;0,904;260,00;235,05;1,175
2004;JUL;186178622,34;148697203,37;22391200,00;;;15090218,97;0,00;2328,02;0,90;-166797978,13;133218264,07;20060342,27;0,00;0,00;13519371,78;144699377,00;1,424;1,70;1,52;0,896;260,00;232,93;1,165
2004;AGO;183963688,44;155444360,88;22391200,00;;;6128127,56;0,00;2344,08;0,89;-163684424,47;138308929,13;19922902,81;0,00;0,00;5452592,53;167075795,00;1,645;1,70;1,51;0,890;260,00;231,34;1,157
2004;SET;202690907,51;163879939,28;27467165,44;;;11343802,79;0,00;2351,82;0,89;-179753710,73;145334724,49;24358887,00;0,00;0,00;10060099,24;170292308,00;1,676;1,70;1,51;0,887;260,00;230,58;1,153
2004;OUT;191261874,86;162885561,11;28482358,53;;;-106044,78;0,00;2362,17;0,88;-168874834,22;143819943,99;25148522,56;0,00;0,00;-93632,33;178315537,00;1,755;1,70;1,50;0,883;260,00;229,57;1,148
2004;NOV;193566252,18;166156423,07;32479612,03;;;-5069782,92;0,00;2378,47;0,88;-169738218,62;145702543,43;28481367,11;0,00;0,00;-4445691,91;178906595,00;1,761;1,70;1,49;0,877;260,00;227,99;1,140
2004;DEZ;172098162,29;165440250,59;26813202,81;;;-20155291,11;0,00;2398,92;0,87;-149626371,50;143837819,46;23312057,44;0,00;0,00;-17523505,40;186546912,00;1,836;1,70;1,48;0,869;260,00;226,05;1,130
2005;JAN;140090952,46;138975199,58;;;;1115752,88;0,00;2412,83;0,86;-121096346,50;120131875,95;0,00;0,00;0,00;964470,55;162259104,00;1,597;1,70;1,47;0,864;260,00;224,75;1,124
2005;FEV;179049906,16;152634851,79;25166666,66;;;1248387,71;0,00;2427,07;0,86;-153864869,28;131165338,32;21626740,60;0,00;0,00;1072790,35;174129780,00;1,714;1,70;1,46;0,859;260,00;223,43;1,117
2005;MAR;214200587,14;196547087,99;25166666,66;;;-7513167,51;0,00;2441,87;0,85;-182955636,70;167877213,15;21495662,47;0,00;0,00;-6417238,92;211649995,00;2,083;2,00;1,71;1,005;260,00;222,07;1,110
2005;ABR;257011576,54;242293217,52;18935649,83;;;-4217290,81;0,00;2463,11;0,85;-217628893,94;205165874,82;16034081,36;0,00;0,00;-3571062,23;204885088,00;2,017;2,00;1,69;0,996;260,00;220,16;1,101
2005;MAI;253924554,52;243114686,79;17366666,67;;;-6556798,94;0,00;2475,18;0,84;-213966404,41;204857602,25;14633808,18;0,00;0,00;-5525006,03;212968235,00;2,096;2,00;1,69;0,991;300,00;252,79;1,264
2005;JUN;261703009,48;249293379,13;17366666,67;;;-4957036,32;0,00;2474,68;0,84;-220565379,29;210106444,06;14636764,89;0,00;0,00;-4177829,66;218647589,00;2,152;2,00;1,69;0,992;300,00;252,84;1,264
2005;JUL;249110437,02;232043555,45;20350637,95;;;-3283756,38;0,00;2480,87;0,84;-209428408,70;195080194,74;17108884,61;0,00;0,00;-2760670,65;204844663,00;2,016;2,00;1,68;0,989;300,00;252,21;1,261
2005;AGO;273142528,97;260842595,06;17366666,67;;;-5066732,76;0,00;2485,09;0,84;-229242365,40;218919308,22;14575451,73;0,00;0,00;-4252394,55;230881871,00;2,273;2,00;1,68;0,987;300,00;251,78;1,259
2005;SET;266349612,83;246372652,00;20413367,33;;;-436406,50;0,00;2493,79;0,84;-222761363,42;206053642,38;17072709,40;0,00;0,00;-364988,35;218402854,00;2,150;2,00;1,67;0,984;300,00;250,90;1,255
2005;OUT;248734156,60;234358053,72;17366666,67;;;-2990563,79;0,00;2512,49;0,83;-206480366,38;194546408,34;14416498,91;0,00;0,00;-2482540,86;223091648,00;2,196;2,00;1,66;0,977;300,00;249,04;1,245
2005;NOV;255975541,56;245059836,29;21634526,67;;;-10718821,40;0,00;2526,31;0,83;-211329198,52;202317371,72;17861109,52;0,00;0,00;-8849282,72;220641115,00;2,172;2,00;1,65;0,971;300,00;247,68;1,238
2005;DEZ;277786155,09;246878347,77;39526783,45;;;-8618976,13;0,00;2535,40;0,82;-228513460,58;203087967,33;32515666,84;0,00;0,00;-7090173,60;224772957,00;2,212;2,00;1,65;0,968;300,00;246,79;1,234
2006;JAN;241694697,31;220694815,63;;;;20999881,68;0,00;2550,36;0,82;-197657505,72;180483838,78;0,00;0,00;0,00;17173666,94;202973513,00;1,998;2,00;1,64;0,962;300,00;245,34;1,227
2006;FEV;252452242,20;223987659,13;26519019,89;;;1945563,18;0,00;2560,82;0,81;-205611715,20;182428511,53;21598624,43;0,00;0,00;1584579,24;201127399,00;1,980;2,00;1,63;0,958;300,00;244,34;1,222
2006;MAR;318276543,55;296566711,37;28079073,66;;;-6369241,48;0,00;2571,83;0,81;-258113102,87;240507054,73;22771319,39;0,00;0,00;-5165271,25;236535517,00;2,328;2,00;1,62;0,954;300,00;243,29;1,216
2006;ABR;265184739,59;221982924,22;25891030,93;;;17310784,44;0,00;2577,23;0,81;-214606576,70;179644558,46;20952885,61;0,00;0,00;14009132,63;210992184,00;2,077;2,00;1,62;0,952;350,00;283,25;1,416
2006;MAI;289366314,79;259527643,25;32054640,15;;;-2215968,61;0,00;2579,81;0,81;-233941854,41;209818403,28;25914978,96;0,00;0,00;-1791527,83;227039966,00;2,235;2,00;1,62;0,951;350,00;282,96;1,415
2006;JUN;287816715,78;245868319,45;51936155,63;;;-9987759,30;0,00;2574,39;0,81;-233178954,15;199193842,62;42076841,92;0,00;0,00;-8091730,40;217106459,00;2,137;2,00;1,62;0,953;350,00;283,56;1,418
2006;JUL;252023812,05;225520432,77;25000000,00;;;1503379,28;0,00;2579,28;0,81;-203793703,79;182362308,95;20215719,12;0,00;0,00;1215675,73;209948503,00;2,067;2,00;1,62;0,951;350,00;283,02;1,415
2006;AGO;297072182,45;250819474,77;28942368,85;;;17310338,83;0,00;2580,57;0,81;-240101027,87;202718454,50;23391932,74;0,00;0,00;13990640,63;240618994,00;2,368;2,00;1,62;0,951;350,00;282,88;1,414
2006;SET;288240370,36;240955138,36;26976001,92;;;20309230,08;0,00;2585,99;0,81;-232474671,46;194337686,14;21756970,32;0,00;0,00;16380015,00;225938744,00;2,224;2,00;1,61;0,949;350,00;282,29;1,411
2006;OUT;294376216,18;256624298,06;51877068,51;;;-14125150,39;0,00;2594,52;0,80;-236642842,05;206294869,95;41702883,10;0,00;0,00;-11354910,99;239533986,00;2,358;2,00;1,61;0,946;350,00;281,36;1,407
2006;NOV;286372103,63;263388529,96;19188876,59;;;3794697,08;0,00;2602,56;0,80;-229497329,21;211078395,57;15377880,29;0,00;0,00;3041053,35;225746661,00;2,222;2,30;1,84;1,084;350,00;280,49;1,402
2006;DEZ;273583796,54;241826275,97;9444905,49;;;22312615,08;0,00;2615,05;0,80;-218201660,68;192872880,93;7532953,67;0,00;0,00;17795826,09;223548268,00;2,200;2,30;1,83;1,079;350,00;279,15;1,396
2007;JAN;279618754,33;264769255,77;27015790,70;;;-12166292,14;0,00;2626,56;0,79;-222037662,77;210246079,04;21452506,07;0,00;0,00;-9660922,34;205653946,00;2,024;2,30;1,83;1,074;350,00;277,93;1,390
2007;FEV;259704463,55;251522364,05;26860492,15;;;-18678392,65;0,00;2638,12;0,79;-205320609,20;198851896,14;21235725,16;0,00;0,00;-14767012,11;199823655,00;1,967;2,30;1,82;1,070;350,00;276,71;1,384
2007;MAR;336010852,90;319830161,27;30726441,26;;;-14545749,63;0,00;2647,88;0,79;-264668759,79;251923565,55;24202578,67;0,00;0,00;-11457384,43;244159416,00;2,403;2,30;1,81;1,066;350,00;275,69;1,378
2007;ABR;302370942,95;275168099,39;28816280,90;;;-1613437,34;0,00;2654,50;0,79;-237577332,19;216203654,75;22641379,07;0,00;0,00;-1267701,64;224027172,00;2,205;2,30;1,81;1,063;380,00;298,57;1,493
2007;MAI;;;;;;;0,00;2661,93;0,78;0,00;0,00;0,00;0,00;0,00;0,00;242375533,00;2,386;2,30;1,80;1,060;380,00;297,74;1,489
2007;JUN;321021575,80;283930588,41;28886910,11;;;8204077,28;0,00;2669,38;0,78;-250825390,25;221844903,92;22570353,67;0,00;0,00;6410132,65;226488245,00;2,229;2,30;1,80;1,057;380,00;296,91;1,485
2007;JUL;314549434,23;283913388,04;39471454,03;;;-8835407,84;0,00;2675,79;0,78;-245179727,85;221300055,37;30766548,29;0,00;0,00;-6886875,81;215971342,00;2,126;2,30;1,79;1,055;380,00;296,20;1,481
2007;AGO;376395274,38;310737928,19;39149469,71;17000000,00;;9507876,48;0,00;2688,37;0,78;-292013411,80;241075403,34;30372778,29;13188869,09;0,00;7376361,07;248723523,00;2,448;2,30;1,78;1,050;380,00;294,81;1,474
2007;SET;310890059,25;269699044,98;39694924,16;2100000,00;;-603909,89;0,00;2693,21;0,77;-240759977,42;208860766,20;30740606,72;1626285,36;0,00;-467680,86;227856292,00;2,243;2,30;1,78;1,048;380,00;294,28;1,471
2007;OUT;355806939,99;308232491,71;38900773,17;8500000,00;;173675,11;0,00;2701,29;0,77;-274720381,22;237987903,30;30035488,45;6562894,02;0,00;134095,45;246649861,00;2,428;2,30;1,78;1,045;380,00;293,40;1,467
2007;NOV;334889057,60;285283498,67;51366814,27;-1950000,00;;188744,66;0,00;2711,55;0,77;-257591196,79;219435410,56;39510515,09;-1499908,17;0,00;145179,31;226497521,00;2,229;2,30;1,77;1,041;380,00;292,29;1,461
2007;DEZ;313746619,99;277379652,64;39329466,01;-3050000,00;;87501,34;0,00;2731,62;0,76;-239555666,74;211788313,86;30029316,18;-2328773,40;0,00;66810,10;223741747,00;2,202;2,30;1,76;1,033;380,00;290,14;1,451
2008;JAN;308510357,66;277187104,96;39030249,22;-7650000,00;;-56996,52;0,00;2746,37;0,76;-234292496,19;210504630,14;29640802,29;-5809651,29;0,00;-43284,95;211287880,00;2,080;2,30;1,75;1,027;380,00;288,58;1,443
2008;FEV;321023936,52;289596739,19;39434961,49;-8230000,00;;222235,84;0,00;2759,83;0,76;-242606683,72;218856279,91;29802093,06;-6219639,04;0,00;167949,78;216711966,00;2,133;2,30;1,74;1,022;380,00;287,18;1,436
2008;MAR;324361631,43;293978538,26;42623259,01;-12560000,00;;319834,16;0,00;2773,08;0,75;-243957825,75;221106191,56;32057668,32;-9446586,76;0,00;240552,64;236992820,00;2,333;2,30;1,73;1,018;415,00;312,13;1,561
2008;ABR;363641062,52;296564656,68;47493760,45;19650000,00;;-67354,61;0,00;2788,33;0,75;-272004709,37;221831337,45;35525488,84;14698264,55;0,00;-50381,47;236402740,00;2,327;2,30;1,72;1,012;415,00;310,42;1,552
2008;MAI;339521000,31;290694528,98;39364632,42;9310000,00;;151838,91;0,00;2810,36;0,74;-251972046,26;215735978,74;29214060,31;6909321,51;0,00;112685,70;232120064,00;2,285;2,30;1,71;1,004;415,00;307,99;1,540
2008;JUN;344827687,67;294240167,72;39226454,35;11405000,00;;-43934,40;0,00;2831,16;0,74;-254030224,93;216763034,59;28897636,06;8401920,20;0,00;-32365,92;234225836,00;2,305;2,30;1,69;0,997;415,00;305,73;1,529
2008;JUL;392133396,34;306547266,46;88100133,90;-2250000,00;;-264004,02;0,00;2846,16;0,73;-287357275,09;224639339,57;64560209,99;-1648811,03;0,00;-193463,44;234676164,00;2,310;2,30;1,69;0,991;415,00;304,11;1,521
2008;AGO;353235132,27;292462243,45;72665559,61;-12147000,00;;254329,21;0,00;2854,13;0,73;-258129605,40;213719295,17;53100981,51;-8876524,53;0,00;185853,25;247241055,00;2,434;2,30;1,68;0,989;415,00;303,26;1,516
2008;SET;394054945,21;310756072,89;77301923,86;5970000,00;;26948,46;0,00;2861,55;0,73;-287212356,28;226498829,69;56342568,38;4351316,45;0,00;19641,76;250860642,00;2,469;2,30;1,68;0,986;415,00;302,48;1,512
2008;OUT;406841749,35;323288728,68;53925450,96;29710000,00;;-82430,29;0,00;2874,43;0,73;-295203466,35;234577580,82;39128187,00;21557509,77;0,00;-59811,23;261644457,00;2,575;2,30;1,67;0,982;415,00;301,12;1,506
2008;NOV;338917262,25;275921126,75;75000000,00;-10960000,00;;-1043864,50;0,00;2884,78;0,72;-245035307,90;199489450,02;54224585,58;-7924019,44;0,00;-754708,27;238646854,00;2,349;2,30;1,66;0,978;415,00;300,04;1,500
2008;DEZ;368357426,76;308270748,95;80908978,00;-21815000,00;;992699,81;0,00;2892,86;0,72;-265576529,06;222255531,09;58333357,73;-15728071,60;0,00;715711,84;235045662,00;2,314;2,30;1,66;0,975;415,00;299,20;1,496
2009;JAN;349717883,48;265869093,07;49700412,37;34035000,00;;113378,04;0,00;2906,74;0,72;-250933896,81;190769676,69;35661653,97;24421213,73;0,00;81352,41;215145441,00;2,118;2,30;1,65;0,971;415,00;297,78;1,489
2009;FEV;294311820,67;262583085,64;61106513,02;-29285000,00;;-92777,99;0,00;2922,73;0,71;-210022916,29;187381075,25;43606023,16;-20897975,11;0,00;-66207,00;211284210,00;2,080;2,30;1,64;0,965;465,00;331,83;1,659
2009;MAR;396134491,06;326458961,99;52324934,41;17365000,00;;-14405,34;0,00;2928,57;0,71;-282120552,12;232498771,70;37264968,64;12367071,03;0,00;-10259,25;256282032,00;2,523;2,30;1,64;0,964;465,00;331,17;1,656
2009;ABR;347103023,24;299077576,75;53234746,94;-5050000,00;;-159300,45;0,00;2942,63;0,71;-246020000,31;211980480,14;37731772,94;-3579343,65;0,00;-112909,12;238506643,00;2,348;2,30;1,63;0,959;465,00;329,58;1,648
2009;MAI;397501994,07;293646880,70;77739928,05;25820000,00;;295185,32;0,00;2956,46;0,71;-280423871,45;207157690,66;54842823,22;18215114,56;0,00;208243,01;247889752,00;2,440;2,30;1,62;0,954;465,00;328,04;1,640
2009;JUN;379812553,23;298368521,27;77992375,69;4000000,00;;-548343,73;0,00;2967,10;0,70;-266983736,99;209733833,52;54823611,65;2811742,11;0,00;-385450,29;239103831,00;2,353;2,30;1,62;0,951;465,00;326,87;1,634
2009;JUL;386455299,36;308962313,55;77922622,36;-950000,00;;520363,45;0,00;2974,22;0,70;-271002847,39;216660676,79;54643454,42;-666190,13;0,00;364906,31;231240335,00;2,276;2,30;1,61;0,949;465,00;326,08;1,630
2009;AGO;338780089,99;289010618,23;53229058,18;-3470000,00;;10413,58;0,00;2978,68;0,70;-237214758,92;202366036,71;37271134,22;-2429703,63;0,00;7291,62;244638851,00;2,408;2,30;1,61;0,947;465,00;325,59;1,628
2009;SET;415626521,56;308424963,35;102760193,55;4515000,00;;-73635,34;0,00;2985,83;0,70;-290325947,39;215442867,66;71780670,86;3153845,06;0,00;-51436,20;246697206,00;2,428;2,30;1,61;0,945;465,00;324,81;1,624
2009;OUT;410772376,91;310058037,32;77969484,32;24145000,00;;-1400144,73;0,00;2994,19;0,70;-286134056,65;215978894,89;54311648,24;16818820,32;0,00;-975306,80;254555603,00;2,506;2,30;1,60;0,942;465,00;323,91;1,620
2009;NOV;355604638,41;289090711,25;78207971,85;-13140000,00;;1445955,31;0,00;3006,47;0,69;-246693791,14;200551049,78;54255257,07;-9115619,05;0,00;1003103,33;243360949,00;2,395;2,30;1,60;0,939;465,00;322,58;1,613
2009;DEZ;414365553,49;313595166,50;77953988,15;22825000,00;;-8601,16;0,00;3017,59;0,69;-286398731,31;216748851,52;53879776,25;15776048,44;0,00;-5944,90;241302708,00;2,375;2,30;1,59;0,935;465,00;321,40;1,607
2010;JAN;327828293,76;280730200,77;49540409,54;-2162000,00;;-280316,55;0,00;3040,22;0,69;-224899815,06;192589143,27;33986172,50;-1483195,35;0,00;-192305,37;210162084,00;2,069;2,70;1,85;1,090;510,00;349,87;1,749
2010;FEV;361729522,86;318885958,13;49704432,75;-6510000,00;;-350868,02;0,00;3063,93;0,68;-246236706,20;217072212,86;33834826,94;-4431490,54;0,00;-238843,06;214843723,00;2,115;2,70;1,84;1,081;510,00;347,17;1,736
2010;MAR;433402838,99;386713856,64;51517138,90;-34300000,00;29615149,87;-143306,42;0,00;3079,86;0,68;-293500234,82;261882474,05;34887386,52;-23227946,72;20055368,03;-97047,05;264804088,00;2,606;2,70;1,83;1,076;510,00;345,37;1,727
2010;ABR;392515565,08;343703272,17;49733685,76;6420000,00;-8099387,27;757994,42;0,00;3097,42;0,67;-264304441,69;231436176,14;33488695,02;4322973,83;-5453806,73;510403,43;241823736,00;2,380;2,70;1,82;1,069;510,00;343,41;1,717
2010;MAI;400671885,79;346854713,15;49907999,55;4215000,00;;86812,60;392639,51;3110,74;0,67;-268641332,53;232558149,55;33462171,86;2826061,07;0,00;58205,86;255245136,00;2,512;2,70;1,81;1,065;510,00;341,94;1,710
2010;JUN;381864621,81;350950557,59;46667000,00;-15715000,00;;-37935,78;0,00;3110,74;0,67;-256031492,32;235304319,54;31289155,82;-10536547,96;0,00;-25435,07;239340533,00;2,356;2,70;1,81;1,065;510,00;341,94;1,710
2010;JUL;408724842,48;343863881,90;85775223,12;-20840000,00;;-74262,54;0,00;3111,05;0,67;-274013349,02;230529892,22;57504594,06;-13971350,89;0,00;-49786,37;236330134,00;2,326;2,70;1,81;1,065;510,00;341,91;1,710
2010;AGO;445250308,14;361453858,80;63209692,62;20620000,00;;-33243,28;0,00;3112,29;0,67;-298381469,17;242225847,92;42359546,09;13818352,92;0,00;-22277,76;260112323,00;2,560;2,70;1,81;1,064;510,00;341,77;1,709
2010;SET;411547066,23;360237332,13;62924663,71;-11515000,00;;-99929,61;0,00;3126,29;0,67;-274560416,69;240329527,61;41979698,81;-7682142,48;0,00;-66667,26;249443914,00;2,455;2,70;1,80;1,060;510,00;340,24;1,701
2010;OUT;382473548,95;347080984,15;2834141,66;32510000,00;;48423,14;0,00;3149,74;0,66;-253264533,45;229828451,56;1876698,58;21527318,70;0,00;32064,61;251997520,00;2,480;2,70;1,79;1,052;510,00;337,71;1,689
2010;NOV;454215148,87;357553228,80;122962761,15;-26450000,00;;149158,92;0,00;3175,88;0,66;-298294473,25;234814167,49;80752727,33;-17370377,97;0,00;97956,40;247036588,00;2,432;2,70;1,77;1,043;510,00;334,93;1,675
2010;DEZ;448326817,60;367495583,30;62458007,24;18385000,00;;-11772,94;0,00;3195,89;0,65;-292583999,12;239832468,63;40760919,98;11998293,68;0,00;-7683,18;244850982,00;2,410;2,70;1,76;1,037;510,00;332,83;1,664
2011;JAN;337341727,97;329727783,29;0,00;7800000,00;;-186055,32;0,00;3222,42;0,65;-218341152,05;213413100,42;0,00;5048474,13;0,00;-120422,50;214757313,00;2,114;3,00;1,94;1,142;540,00;349,51;1,748
2011;FEV;384089784,74;365467978,07;19716666,67;-520000,00;;-574860,00;0,00;3248,20;0,64;-246625325,48;234668201,62;12660137,10;-333893,73;0,00;-369119,51;232584571,00;2,289;3,00;1,93;1,133;540,00;346,74;1,734
2011;MAR;495838872,37;415432099,42;57924888,69;22600000,00;;-118115,74;0,00;3273,86;0,64;-315884374,81;264659582,61;36902244,40;14397795,87;0,00;-75248,07;252087062,00;2,481;3,00;1,91;1,124;545,00;347,20;1,736
2011;ABR;430542961,45;373333801,79;43705502,40;13575000,00;;-71342,74;0,00;3299,07;0,63;-272190297,22;236022528,69;27630723,88;8582147,70;0,00;-45103,05;242149113,00;2,383;3,00;1,90;1,116;545,00;344,55;1,723
2011;MAI;455696716,70;412547461,23;46950610,95;-4145000,00;;343644,52;0,00;3314,58;0,63;-286744482,89;259593067,28;29543396,22;-2608216,91;0,00;216236,30;262504200,00;2,584;3,00;1,89;1,110;545,00;342,94;1,715
2011;JUN;444601271,74;386470315,21;45913138,41;12650000,00;;-432181,88;0,00;3319,55;0,63;-279343881,08;242820083,15;28847318,02;7948020,67;0,00;-271540,75;244896641,00;2,410;3,00;1,88;1,109;545,00;342,42;1,712
2011;JUL;432302092,80;374652858,81;48409829,30;9120000,00;;119404,69;0,00;3324,86;0,63;-271182494,57;235019211,20;30367417,81;5720963,17;0,00;74902,39;237638084,00;2,339;3,00;1,88;1,107;545,00;341,88;1,709
2011;AGO;466531062,65;417457645,29;46900370,74;1860000,00;;313046,62;0,00;3337,16;0,62;-291575623,21;260905399,09;29312099,28;1162474,92;0,00;195649,92;265011275,00;2,608;3,00;1,87;1,103;545,00;340,62;1,703
2011;SET;462611285,55;399976393,59;86666666,66;-23935000,00;;-96774,70;0,00;3354,85;0,62;-287601265,64;248661717,99;53879885,34;-14880173,72;0,00;-60163,96;253023710,00;2,490;3,00;1,87;1,097;545,00;338,82;1,694
2011;OUT;507005591,36;373684959,54;47688181,23;85845000,00;;-212549,41;0,00;3369,28;0,62;-313850858,87;231321601,77;29520338,42;53140492,81;0,00;-131574,12;250143703,00;2,462;3,00;1,86;1,092;545,00;337,37;1,687
2011;NOV;450887958,72;392667971,46;93895639,80;-35945000,00;;269347,46;0,00;3386,80;0,62;-277668595,06;241815204,53;57823390,23;-22135870,91;0,00;165871,21;244802374,00;2,410;3,00;1,85;1,087;545,00;335,63;1,678
2011;DEZ;460627027,85;381674623,28;48315361,42;31970000,00;-1123123,09;-209833,76;0,00;3403,73;0,61;-282255225,72;233876108,94;29605868,56;19590034,93;-688208,34;-128578,38;241296771,00;2,375;3,00;1,84;1,081;545,00;333,96;1,670
2012;JAN;398500636,03;357867578,35;55000000,00;-14450000,00;;83057,68;0,00;3422,79;0,61;-242826701,77;218066913,49;33514296,82;-8805119,80;0,00;50611,27;218115559,00;2,147;3,00;1,83;1,075;622,00;379,02;1,895
2012;FEV;420670594,79;387233184,39;65107124,38;-31750000,00;;80286,02;0,00;3438,19;0,61;-255187830,27;234903977,97;39495381,92;-19260232,86;0,00;48703,23;227381246,00;2,238;3,00;1,82;1,071;622,00;377,32;1,887
2012;MAR;495838872,37;415432099,42;57924888,69;22600000,00;;-118115,74;0,00;3445,41;0,61;-300156213,43;251481948,77;35064849,13;13680916,93;0,00;-71501,40;264005622,00;2,599;3,00;1,82;1,068;622,00;376,53;1,883
2012;ABR;444416530,68;386750774,11;60726732,00;2050000,00;-2219261,77;-2891713,66;0,00;3467,46;0,60;-267316903,36;232630904,05;36527178,51;1233076,66;-1334887,75;-1739368,11;239205716,00;2,354;3,00;1,80;1,061;622,00;374,13;1,871
2012;MAI;480607559,68;420516258,74;60127062,47;-1850000,00;-1080738,23;2894976,70;0,00;3479,94;0,60;-288049097,13;252033756,48;36036774,10;-1108785,78;-647733,61;1735085,95;261255783,00;2,572;3,00;1,80;1,058;622,00;372,79;1,864
2012;JUN;461607460,40;372643094,11;60280195,64;32000000,00;-1000000,00;-2315829,35;0,00;3482,72;0,60;-276440669,36;223163001,48;36099714,72;19163688,15;-598865,25;-1386869,73;236993197,00;2,333;3,00;1,80;1,057;622,00;372,49;1,862
2012;JUL;534184137,20;380792655,61;162274209,45;-7300000,00;-1600000,00;17272,14;0,00;3497,70;0,60;-318534228,57;227066822,76;96764180,22;-4352993,11;-954080,68;10299,38;233835645,00;2,302;3,00;1,79;1,052;622,00;370,90;1,854
2012;AGO;542622806,91;428960193,99;107491051,39;7850000,00;-900000,00;-778438,47;0,00;3512,04;0,59;-322245058,69;254744734,51;63835245,63;4661845,54;-534479,11;-462287,89;268012040,00;2,638;3,00;1,78;1,048;622,00;369,38;1,847
2012;SET;455219000,93;360150737,27;100150672,92;-5300000,00;;217590,74;0,00;3532,06;0,59;-268806635,75;212668864,55;59138931,81;-3129647,85;0,00;128487,24;241593067,00;2,378;3,00;1,77;1,042;622,00;367,29;1,836
2012;OUT;540024078,03;416420938,26;99687948,72;24210000,00;;-294808,95;0,00;3552,90;0,59;-317013543,60;244454057,96;58520408,93;14212140,17;0,00;-173063,45;261898446,00;2,578;3,00;1,76;1,036;622,00;365,14;1,826
2012;NOV;513451972,78;374261214,85;132400000,00;6750000,00;;40757,93;0,00;3574,22;0,58;-299616842,44;218394259,61;77259942,59;3938856,59;0,00;23783,65;236376151,00;2,327;3,00;1,75;1,030;622,00;362,96;1,815
2012;DEZ;418735368,76;341239136,61;60063156,34;17550000,00;;-116924,19;0,00;3602,46;0,58;-242431001,01;197563787,65;34774160,97;10160746,82;0,00;-67694,42;228282488,00;2,247;3,00;1,74;1,022;622,00;360,11;1,801
2013;JAN;474434675,02;391021514,71;100000000,00;;;-16586839,69;0,00;3633,44;0,57;-272336659,75;224455544,28;57402351,49;0,00;0,00;-9521236,02;219384518,00;2,159;3,00;1,72;1,013;678,00;389,19;1,946
2013;FEV;439685845,57;363325528,20;95240688,77;;-20000,00;-18860371,40;0,00;3655,24;0,57;-250884750,22;207313551,96;54344338,47;0,00;-11412,00;-10761728,21;218310131,00;2,149;3,00;1,71;1,007;678,00;386,87;1,934
2013;MAR;483557030,76;382252732,12;83627056,29;;;17677242,35;0,00;3672,42;0,57;-274626874,90;217093055,35;47494371,22;0,00;0,00;10039448,33;250615318,00;2,467;3,00;1,70;1,002;678,00;385,06;1,925
2013;ABR;543638762,47;429002799,94;104903511,86;;;9732450,67;0,00;3692,62;0,56;-307060161,65;242311031,13;59252009,85;0,00;0,00;5497120,67;257706923,00;2,537;3,00;1,69;0,997;678,00;382,95;1,915
2013;MAI;507955149,42;422578337,19;83537456,37;;-580000,00;2419355,86;0,00;3706,28;0,56;-285847776,22;237802644,78;47010048,35;0,00;-326390,45;1361473,53;252787946,00;2,488;3,20;1,80;1,059;678,00;381,54;1,908
2013;JUN;488188511,19;378567078,31;83598543,32;19050000,00;;6972889,56;0,00;3715,92;0,56;-274011554,08;212482987,76;46922379,88;10692427,18;0,00;3913759,26;239120345,00;2,354;3,00;1,68;0,990;678,00;380,55;1,903
2013;JUL;491113258,92;401680302,76;108748011,24;-18500000,00;;-815055,08;0,00;3717,03;0,56;-275570846,04;225388703,85;61020102,63;-10380621,09;0,00;-457339,35;233011598,00;2,294;3,00;1,68;0,990;678,00;380,44;1,902
2013;AGO;540762640,60;400649293,96;114879854,86;25050000,00;;183491,78;0,00;3725,95;0,56;-302703424,43;224271989,54;64306449,55;14022271,90;0,00;102713,44;261483473,00;2,574;3,00;1,68;0,988;678,00;379,52;1,898
2013;SET;511751867,79;390581884,74;104716032,51;16870000,00;-107214,68;-308834,78;0,00;3738,99;0,56;-285464961,29;217874031,59;58412601,98;9410408,05;-59806,40;-172273,94;249295127,00;2,454;3,00;1,67;0,984;678,00;378,20;1,891
2013;OUT;546084835,25;423614368,98;132412944,40;-9250000,00;;-692478,13;0,00;3760,30;0,55;-302890253,22;234961044,89;73443882,10;-5130585,33;0,00;-384088,45;266365438,00;2,622;3,00;1,66;0,979;678,00;376,06;1,880
2013;NOV;506382510,59;369632481,61;104664566,22;31100000,00;;985462,76;0,00;3780,61;0,55;-279360175,92;203918170,41;57741156,18;17157191,04;0,00;543658,29;243618798,00;2,398;3,00;1,66;0,974;678,00;374,04;1,870
2013;DEZ;527942447,84;377952489,58;144629589,95;5500000,00;;-139631,69;0,00;3815,39;0,55;-288599331,81;206607436,85;79061653,77;3006570,76;0,00;-76329,56;232512850,00;2,289;3,00;1,64;0,965;678,00;370,63;1,853
2014;JAN;483511682,83;388234081,38;103881556,21;4350000,00;;-12953954,76;0,00;3836,37;0,54;-262865846,27;211067248,17;56476222,09;2364919,96;0,00;-7042543,96;226842133,00;2,233;3,00;1,63;0,959;724,00;393,61;1,968
2014;FEV;492094356,84;378871049,85;105053369,85;3200000,00;;4969937,14;0,00;3862,84;0,54;-265698646,12;204565493,59;56721922,84;1727789,92;0,00;2683439,77;235651304,00;2,319;3,00;1,62;0,953;724,00;390,91;1,955
2014;MAR;497547220,51;381984388,17;103561234,73;2900000,00;;9101597,61;0,00;3898,38;0,54;-266193723,26;204366223,59;55406501,18;1551534,74;0,00;4869463,75;243341284,00;2,395;3,00;1,61;0,944;724,00;387,35;1,937
2014;ABR;519938445,45;400179027,20;158902974,93;1350000,00;;-40493556,68;0,00;3924,50;0,53;-276321879,71;212675600,32;84449167,22;717459,04;0,00;-21520346,87;245433981,00;2,416;3,00;1,59;0,938;724,00;384,77;1,924
2014;MAI;526154197,64;392167959,19;118483647,45;6457214,68;;9045376,32;0,00;3942,55;0,53;-278345052,55;207463917,80;62679984,73;3415982,93;0,00;4785167,08;247352864,00;2,435;3,00;1,59;0,934;724,00;383,01;1,915
2014;JUN;495754852,05;348770075,63;143337101,23;1000000,00;;2647675,19;0,00;3958,32;0,53;-261218390,59;183770582,30;75525810,27;526910,41;0,00;1395087,61;220713789,00;2,172;3,00;1,58;0,930;724,00;381,48;1,907
2014;JUL;533811098,11;401161495,64;159024864,99;3000000,00;;-29375262,52;0,00;3958,72;0,53;-281242202,30;211354808,68;83783389,68;1580571,50;0,00;-15476567,56;239345231,00;2,356;3,00;1,58;0,930;724,00;381,44;1,907
2014;AGO;575225052,26;390504039,19;150046380,20;;;34674632,87;0,00;3968,62;0,53;-302305432,87;205226618,94;78855807,37;0,00;0,00;18223006,56;256622446,00;2,526;3,00;1,58;0,927;724,00;380,49;1,902
2014;SET;596675258,91;413614273,13;191531944,12;2100000,00;;-10570958,34;0,00;3991,24;0,52;-311801258,26;216140101,12;100087778,54;1097385,27;0,00;-5524006,67;259424174,00;2,553;3,00;1,57;0,922;724,00;378,34;1,892
2014;OUT;640568742,55;420904727,66;187389273,62;2500000,00;;29774741,27;0,00;4008,00;0,52;-333338676,39;219030082,93;97513488,07;1300948,10;0,00;15494157,28;269297610,00;2,651;3,00;1,56;0,918;724,00;376,75;1,884
2014;NOV;529914593,29;353342397,77;168369042,98;6740000,00;;1463152,54;0,00;4028,44;0,52;-274357386,22;182939096,07;87171199,16;3489560,03;0,00;757530,95;242491042,00;2,387;3,00;1,55;0,914;724,00;374,84;1,874
2014;DEZ;568619048,18;394120118,32;174612742,68;1860000,00;;-1973812,82;0,00;4059,86;0,51;-292117801,21;202472116,87;89704153,63;955541,52;0,00;-1014010,81;233762482,00;2,301;3,00;1,54;0,907;724,00;371,94;1,860
2015;JAN;510155787,36;394478180,21;132561610,48;1550000,00;;-18434003,33;0,00;4110,20;0,51;-258873466,64;200174018,52;67267067,23;786532,04;0,00;-9354151,15;217543645,00;2,141;3,50;1,78;1,045;788,00;399,86;1,999
2015;FEV;476220323,46;391354800,24;105529183,27;1680000,00;;-22343660,05;0,00;4160,34;0,50;-238740873,16;196195714,72;52904355,64;842225,01;0,00;-11201422,21;214836388,00;2,115;3,50;1,75;1,032;788,00;395,04;1,975
2015;MAR;586882449,66;461858486,30;127456556,53;;;-2432593,17;0,00;4215,26;0,49;-290385169,03;228524220,97;63064577,47;0,00;0,00;-1203629,41;258355557,00;2,543;3,50;1,73;1,019;788,00;389,90;1,949
2015;ABR;562838642,64;421620725,93;116391723,25;5260000,00;;19566193,46;0,00;4245,19;0,49;-276525031,90;207144065,56;57183751,34;2584260,49;0,00;9612954,51;240925285,00;2,371;3,50;1,72;1,012;788,00;387,15;1,936
2015;MAI;581463167,26;413300492,20;157901864,72;2690000,00;;7570810,34;0,00;4276,60;0,49;-283577163,80;201564927,88;77008081,47;1311901,79;0,00;3692252,66;247975278,00;2,441;3,50;1,71;1,004;788,00;384,30;1,922
2015;JUN;607899809,66;411717691,45;188863379,75;2475000,00;;4843738,46;0,00;4310,39;0,48;-294146115,55;199218946,48;91385831,42;1197584,91;0,00;2343752,75;242492479,00;2,387;3,50;1,69;0,996;788,00;381,29;1,906
2015;JUL;588087260,59;424429947,07;170991731,34;4315000,00;;-11649417,82;0,00;4337,11;0,48;-282806255,24;204104819,11;82228496,45;2075047,49;0,00;-5602107,80;235791737,00;2,321;3,50;1,68;0,990;788,00;378,94;1,895
2015;AGO;595938089,34;401279263,78;168204627,41;6940000,00;;19514198,15;0,00;4346,65;0,48;-285952665,66;192548315,34;80710668,51;3330063,20;0,00;9363618,60;255486931,00;2,515;3,50;1,68;0,988;788,00;378,11;1,891
2015;SET;623460555,04;407914757,20;230542183,73;3300000,00;;-18296385,89;0,00;4370,12;0,48;-297552289,28;194681073,01;110028379,49;1574955,38;0,00;-8732118,60;248007034,00;2,441;3,50;1,67;0,983;788,00;376,08;1,880
2015;OUT;649676104,95;400940114,78;221548943,91;3390000,00;;23797046,26;0,00;4405,95;0,47;-307542404,83;189796247,94;104876406,07;1604751,57;0,00;11264999,25;257335847,00;2,533;3,50;1,66;0,975;788,00;373,02;1,865
2015;NOV;562635259,49;370517779,00;194466487,25;1700000,00;;-4049006,76;0,00;4450,45;0,47;-263676057,03;173641209,61;91135697,09;796696,06;0,00;-1897545,74;241333167,00;2,375;3,50;1,64;0,965;788,00;369,29;1,846
2015;DEZ;586667806,87;400128689,61;180569890,61;2580000,00;;3389226,65;0,00;4493,17;0,46;-272324730,97;185735328,36;83818553,37;1197607,57;0,00;1573241,66;235625110,00;2,319;3,50;1,62;0,956;788,00;365,78;1,829
2016;JAN;564692707,21;379994663,37;180951165,29;3000000,00;;746878,55;0,00;4550,23;0,46;-258837088,58;174177408,50;82942230,71;1375104,12;0,00;342345,26;207613416,00;2,044;3,80;1,74;1,025;880,00;403,36;2,017
2016;FEV;588731874,43;413767531,88;193089353,38;1460000,00;;-19585010,83;0,00;4591,18;0,45;-267448955,58;187966201,69;87716578,87;663248,40;0,00;-8897073,39;224126089,00;2,206;3,80;1,73;1,015;880,00;399,77;1,999
2016;MAR;648310122,30;450728521,54;182740764,72;3250000,00;;11590836,04;0,00;4610,92;0,45;-293253289,12;203880237,09;82660024,06;1470088,40;0,00;5242939,57;258981310,00;2,549;3,80;1,72;1,011;880,00;398,05;1,990
2016;ABR;602709088,99;397064268,04;195756470,96;2500000,00;;7388349,99;0,00;4639,05;0,45;-270973214,93;178516938,29;88010553,10;1123980,13;0,00;3321743,42;246009412,00;2,421;3,80;1,71;1,005;880,00;395,64;1,978
2016;MAI;617495407,52;410264829,26;210975043,31;1740000,00;;-5484465,05;0,00;4675,23;0,45;-275472612,38;183024396,47;94118669,74;776236,29;0,00;-2446690,12;248454074,00;2,446;3,80;1,70;0,997;880,00;392,58;1,963
2016;JUN;639114895,52;403688099,40;230377052,34;2500000,00;;2549743,78;0,00;4691,59;0,44;-284123112,91;179462441,34;102415771,74;1111392,94;0,00;1133506,89;249352330,00;2,454;3,80;1,69;0,994;880,00;391,21;1,956
2016;JUL;588476654,77;379783102,89;205860702,91;1900000,00;;932848,97;0,00;4715,99;0,44;-260257971,14;167961768,80;91043354,81;840288,47;0,00;412559,07;231858730,00;2,282;3,80;1,68;0,989;880,00;389,19;1,946
2016;AGO;643158402,54;415151231,91;225273124,58;3200000,00;;-465953,95;0,00;4736,74;0,44;-283195323,58;182799271,52;99192197,69;1409023,08;0,00;-205168,71;262069342,00;2,580;3,80;1,67;0,984;880,00;387,48;1,937
2016;SET;634595782,72;374896525,22;256857574,22;1600000,00;;-1241683,28;-2483366,56;4740,53;0,44;-279201636,13;164942355,54;113009031,77;703948,29;0,00;-546300,52;250967061,00;2,470;3,80;1,67;0,983;880,00;387,17;1,936
2016;OUT;570613885,48;363297417,15;205660471,47;1675000,00;;-19003,14;0,00;4752,86;0,44;-250400383,91;159424463,80;90249225,13;735034,06;0,00;-8339,08;251548580,00;2,476;3,80;1,67;0,981;880,00;386,17;1,931
2016;NOV;806067600,69;380087143,16;425197174,17;1650000,00;;-866716,64;0,00;4761,42;0,44;-353087749,75;166492381,00;186252261,35;722761,70;0,00;-379654,30;246211771,00;2,423;3,80;1,66;0,979;880,00;385,47;1,927
2016;DEZ;474117388,89;366965933,18;105317079,79;1500000,00;;334375,92;0,00;4775,70;0,44;-207060149,44;160264151,33;45994875,51;655091,40;0,00;146031,19;238151896,00;2,344;3,80;1,66;0,976;880,00;384,32;1,922
2017;JAN;595005800,70;383514966,32;210280217,98;4500000,00;;-3289383,60;0,00;4793,85;0,44;-258871616,43;166857430,87;91487477,71;1957833,47;0,00;-1431125,63;210450611,00;2,071;3,80;1,65;0,973;937,00;407,66;2,038
2017;FEV;558432330,44;350237559,21;208674518,08;1730000,00;;-2209746,85;0,00;4809,67;0,43;-242160302,67;151878085,71;90490255,85;750202,49;0,00;-958241,38;220056641,00;2,166;3,80;1,65;0,969;937,00;406,32;2,032
2017;MAR;711868678,38;447723769,90;255165996,49;1850000,00;;7128911,99;0,00;4821,69;0,43;-307927358,48;193668301,45;110375120,67;800239,75;0,00;3083696,62;261183757,00;2,571;3,80;1,64;0,967;937,00;405,31;2,027
2017;ABR;620766538,81;369320976,93;248959099,54;4215000,00;;-1728537,66;0,00;4828,44;0,43;-268144650,17;159530899,25;107539705,31;1820700,10;0,00;-746654,49;226885533,00;2,233;3,80;1,64;0,966;937,00;404,74;2,024
2017;MAI;751870586,52;431769875,31;325788542,14;3250000,00;;-8937830,93;0,00;4843,41;0,43;-323772186,31;185929705,22;140291787,52;1399522,24;0,00;-3848828,66;260539435,00;2,564;3,80;1,64;0,963;937,00;403,49;2,017
2017;JUN;690126662,57;399566839,29;277730644,59;4300000,00;;8529178,69;0,00;4832,27;0,43;-297868988,61;172459023,48;119872699,75;1855944,31;0,00;3681321,08;241863560,00;2,381;3,80;1,64;0,965;937,00;404,42;2,022
2017;JUL;609387693,71;395579830,19;207418120,87;3944406,40;;2445336,25;0,00;4843,87;0,43;-262390965,29;170329290,47;89310370,91;1698387,76;0,00;1052916,14;229374476,00;2,258;3,80;1,64;0,962;937,00;403,45;2,017
2017;AGO;696075108,52;432320329,66;262337146,15;2785000,00;;-1367367,29;0,00;4853,07;0,43;-299148772,29;185796179,57;112743343,69;1196895,74;0,00;-587646,71;257723471,00;2,537;3,80;1,63;0,961;937,00;402,69;2,013
2017;SET;663249294,99;390171471,83;268799966,09;4450000,00;;-172142,93;0,00;4860,83;0,43;-284586333,93;167414378,90;115336416,47;1909401,48;0,00;-73862,91;243087712,00;2,393;3,80;1,63;0,959;937,00;402,05;2,010
2017;OUT;665183330,19;395295551,21;266103497,03;4650000,00;;-865718,05;0,00;4881,25;0,43;-284222190,65;168903462,28;113701765,26;1986870,58;0,00;-369907,47;247990748,00;2,441;3,80;1,62;0,955;937,00;400,37;2,002
2017;NOV;638682277,65;384469777,57;249413153,16;2950000,00;;1849346,92;0,00;4894,92;0,43;-272136593,21;163819005,35;106272630,66;1256967,63;0,00;787989,57;237017585,00;2,333;3,80;1,62;0,952;937,00;399,25;1,996
2017;DEZ;568005525,29;370964002,07;199148910,05;2500000,00;;-4607386,83;0,00;4916,46;0,42;-240961538,18;157371808,14;84483733,97;1060559,83;0,00;-1954563,76;228092545,00;2,245;3,80;1,61;0,948;937,00;397,50;1,987
2018;JAN;657534623,50;436726779,31;213817549,44;5300000,00;;1690294,75;0,00;4930,72;0,42;-278135204,10;184734138,03;90444192,03;2241884,35;0,00;714989,69;208457141,00;2,052;4,00;1,69;0,995;954,00;403,54;2,018
2018;FEV;624297315,05;388909455,50;257803459,35;;;-22415599,80;0,00;4946,50;0,42;-263233483,08;163982750,06;108702217,55;0,00;0,00;-9451484,52;212484247,00;2,091;4,00;1,69;0,992;954,00;402,25;2,011
2018;MAR;726552764,97;426771399,19;296976020,62;6550000,00;;-3744654,84;0,00;4950,95;0,42;-306073899,12;179785409,24;125106685,93;2759309,63;0,00;-1577505,67;249643423,00;2,457;4,00;1,69;0,991;954,00;401,89;2,009
2018;ABR;739107654,34;426374642,50;308475206,53;;;4257805,31;0,00;4961,84;0,42;-310679516,57;179224050,83;129665722,55;0,00;0,00;1789743,20;242649455,00;2,388;4,00;1,68;0,989;954,00;401,01;2,005
2018;MAI;728005084,05;428430271,95;301590681,04;;;-2015868,94;0,00;4981,69;0,42;-304793281,74;179370544,86;126266719,05;0,00;0,00;-843982,17;245521974,00;2,417;4,00;1,67;0,985;954,00;399,41;1,997
2018;JUN;723577622,38;405512933,16;309118011,37;;;8946677,85;0,00;5044,46;0,41;-299170054,96;167663181,87;127807783,98;0,00;0,00;3699089,11;234637218,00;2,310;4,00;1,65;0,973;954,00;394,44;1,972
2018;JUL;672230429,18;421633737,64;251636451,05;;;-1039759,51;0,00;5061,11;0,41;-277025704,15;173754977,45;103699210,89;0,00;0,00;-428484,19;221080168,00;2,176;4,00;1,65;0,970;954,00;393,14;1,966
2018;AGO;862400016,29;435117574,77;368365792,74;41750000,00;;17166648,78;0,00;5056,56;0,41;-355714253,56;179473006,03;151939889,29;17220628,25;0,00;7080729,99;255405817,00;2,514;4,00;1,65;0,971;954,00;393,50;1,967
2018;SET;653020920,05;391029310,22;257858935,71;3470000,00;;662674,12;0,00;5080,83;0,41;-268064995,78;160517476,82;105851056,82;1424434,51;0,00;272027,63;233888960,00;2,302;4,00;1,64;0,966;954,00;391,62;1,958
2018;OUT;784284916,16;442742977,45;340271798,62;3730000,00;;-2459859,91;0,00;5103,69;0,41;-320506802,71;180931869,53;139055876,23;1524306,22;0,00;-1005249,26;251183049,00;2,472;4,00;1,63;0,962;954,00;389,86;1,949
2018;NOV;701742335,40;393410887,35;301015609,57;3200000,00;;4115838,48;0,00;5092,97;0,41;-287378475,45;161110161,56;123272321,76;1310468,35;0,00;1685523,77;226901164,00;2,233;4,00;1,64;0,964;954,00;390,68;1,953
2018;DEZ;580166000,28;384478178,34;196724247,39;3700000,00;;-4736425,45;0,00;5100,61;0,41;-237234492,24;157216185,32;80442109,53;1512959,43;0,00;-1936762,04;217063006,00;2,137;4,00;1,64;0,962;954,00;390,10;1,950
2019;JAN;718577487,33;456966401,82;328242599,43;2800000,00;;-69431513,92;0,00;5116,93;0,41;-292894898,65;186261231,82;133792923,64;1141290,58;0,00;-28300547,39;203090244,00;1,999;4,30;1,75;1,031;998,00;406,79;2,034
2019;FEV;708287186,31;431589747,74;242494678,47;;;34202760,10;0,00;5138,93;0,41;-287464592,58;175164500,21;98418600,95;0,00;0,00;13881491,42;214135442,00;2,108;4,30;1,75;1,027;998,00;405,05;2,025
2019;MAR;713650440,86;460921662,73;330138032,94;;;-77409254,81;0,00;5177,47;0,40;-287485287,50;185676613,00;132992039,07;0,00;0,00;-31183364,57;219257012,00;2,158;4,30;1,73;1,019;998,00;402,03;2,010
2019;ABR;714034876,09;486634136,57;219632346,36;;;7768393,16;0,00;5206,98;0,40;-286009982,82;194923561,44;87974755,45;0,00;0,00;3111665,93;227678340,00;2,241;4,30;1,72;1,013;998,00;399,75;1,999
2019;MAI;775438532,46;502404069,74;266589047,37;;;6445415,35;0,00;5213,75;0,40;-310202184,30;200978972,94;106644822,69;0,00;0,00;2578388,66;236277895,00;2,326;4,30;1,72;1,012;998,00;399,23;1,996
2019;JUN;648910558,88;415865841,50;202357202,10;;;30687515,28;0,00;5214,27;0,40;-259560738,98;166344103,45;80941794,21;0,00;0,00;12274841,32;210588554,00;2,073;4,30;1,72;1,012;998,00;399,19;1,996
2019;JUL;706520928,16;461783935,81;197917201,36;;;46819790,99;0,00;5224,18;0,40;-282068491,03;184360707,18;79015644,28;0,00;0,00;18692139,56;211994268,00;2,087;4,30;1,72;1,010;998,00;398,44;1,992
2019;AGO;796807685,84;461352336,39;296940095,87;26700000,00;;11815253,58;0,00;5229,93;0,40;-317764454,63;183985892,92;118418797,03;10647877,89;0,00;4711886,79;232653019,00;2,290;4,30;1,71;1,009;998,00;398,00;1,990
2019;SET;747957070,55;464143975,99;306269674,35;;;-22456579,79;0,00;5227,84;0,40;-298402227,86;185173189,66;122188233,46;0,00;0,00;-8959195,26;219249397,00;2,158;4,30;1,72;1,009;998,00;398,16;1,991
2019;OUT;760844180,16;492755718,69;227745469,19;5900000,00;;34442992,28;0,00;5233,07;0,40;-303240256,61;196391553,59;90769695,45;2351490,04;0,00;13727517,53;236754295,00;2,330;4,30;1,71;1,008;998,00;397,76;1,989
